,LR,RF,GBM
academic,0.7392574050896955,0.7970379641218189,0.8122653316645808
professional,0.7334167709637047,0.7916145181476846,0.8047559449311639
combined,0.7392574050896955,0.816854401335002,0.8268669169795578
all,0.7392574050896955,0.819357530246141,0.8514810179390905
notrade,0.7446895424836601,0.8304738562091504,0.8361928104575164
nogdp,0.7334167709637047,0.8133083020442219,0.8452231956612433
