,LR,RF,GBM
academic,0.8764636069977982,0.8931043307610045,0.8888743537330075
professional,0.8778202361278695,0.8694923448968792,0.8455595097525549
combined,0.8764636069977982,0.8903334862322987,0.8700354785113502
all,0.8764962883200862,0.8925560639611005,0.8857245788823239
notrade,0.8758926750241038,0.8893116679868166,0.892868896232418
nogdp,0.8778202361278695,0.8794434118345427,0.8910031938849037
