,LR,RF,GBM
academic,0.7392574050896955,0.7987067167292448,0.8105965790571548
professional,0.7334167709637047,0.809136420525657,0.7976637463496037
combined,0.7392574050896955,0.8035043804755946,0.8197747183979975
all,0.7392574050896955,0.8402169378389654,0.8523153942428036
notrade,0.7446895424836601,0.8464052287581699,0.8341503267973857
nogdp,0.7334167709637047,0.8281184814351272,0.8448060075093867
