,LR,RF,GBM
academic,0.8331426316827777,0.864924048135727,0.8468928782797396
professional,0.8340501085026633,0.8297889130005918,0.7995659893470114
combined,0.8331426316827777,0.8670349181298087,0.81951075162754
all,0.8331820871966857,0.868987966068258,0.8502071414480172
notrade,0.8338712813532957,0.8759478903363795,0.8527707563678787
nogdp,0.8340501085026633,0.8728348786742948,0.8487472874334188
