,LR,RF,GBM
academic,0.6885744362513343,0.8065596518420443,0.811167052714968
professional,0.6993145042518734,0.7750137861222639,0.7916812360247292
combined,0.6885744362513343,0.8009904444085805,0.8137744336511815
all,0.6885744362513343,0.8247603945550049,0.818157361146651
notrade,0.7074288422142453,0.8262013719740202,0.831565011469402
nogdp,0.6993145042518734,0.8057188447313789,0.8243465909316954
