,LR,RF,GBM
academic,0.8331426316827777,0.873505622410732,0.8467350562241072
professional,0.8340501085026633,0.863207733280726,0.8007101992503454
combined,0.8331426316827777,0.8604063917932532,0.817222331820872
all,0.8331820871966857,0.8680804892483726,0.8482935490234761
notrade,0.8338712813532957,0.8763562123274353,0.8497569511958001
nogdp,0.8340501085026633,0.8651410534622215,0.8499901361215231
