,LR,RF,GBM
academic,0.8340501085026633,0.8680015782205563,0.8555928190964687
professional,0.8340501085026633,0.8416058394160584,0.8056815940027622
combined,0.8340501085026633,0.8720457683961333,0.8337344643913988
all,0.8340501085026633,0.8761294140856185,0.8495363977115802
notrade,0.8347268131440793,0.8713396850087498,0.866595372350768
nogdp,0.8340501085026633,0.8748668376405603,0.8603077530084828
