,LR,RF,GBM
academic,0.7844183500144201,0.8427521549351198,0.8329090195107888
professional,0.7828051671847959,0.8223972744716411,0.815499618362371
combined,0.7844183500144201,0.8400134721586228,0.8263620718409631
all,0.7733364493633729,0.8520587560672369,0.8434702305953353
