,LR,RF,GBM
academic,0.6885744362513343,0.8007108272410589,0.8146047040596922
professional,0.6993145042518734,0.7745827224317874,0.7923633315588978
combined,0.6885744362513343,0.7977072752333018,0.8156094144921646
all,0.6885744362513343,0.8215847341894971,0.8422685315950804
notrade,0.7074288422142453,0.845132529592329,0.8279047657740146
nogdp,0.6993145042518734,0.8143970948076912,0.8370384594045605
