,LR,RF,GBM
academic,0.8340501085026633,0.8675478398106135,0.8550798974156638
professional,0.8340501085026633,0.8290195304793844,0.8039850069047151
combined,0.8340501085026633,0.8719668573683172,0.8338528309331229
all,0.8340501085026633,0.8713947524166503,0.8596764647859538
notrade,0.8347268131440793,0.8777950612482986,0.8756562317713397
nogdp,0.8340501085026633,0.8652199644900375,0.8640560268297495
