,LR,RF,GBM
academic,0.8331426316827777,0.8704675478398106,0.8470112448214637
professional,0.8340501085026633,0.8414480173604261,0.8019727756954035
combined,0.8331426316827777,0.8681002170053266,0.8192345630301836
all,0.8331820871966857,0.8764845137107911,0.849496942197672
notrade,0.8338712813532957,0.8759867781450515,0.852342990472487
nogdp,0.8340501085026633,0.8688301440126257,0.8470112448214638
