,LR,RF,GBM
academic,0.6885744362513343,0.8099309664335859,0.8157427270366367
professional,0.6993145042518734,0.7666333628066266,0.7923687946932388
combined,0.6885744362513343,0.8175582797345338,0.8179912701983488
all,0.6885744362513343,0.8135559349638021,0.8418281684419893
notrade,0.7074288422142453,0.8219293609255819,0.8285884633658932
nogdp,0.6993145042518734,0.8072465440762268,0.8381878822515334
