,LR,RF,GBM
academic,0.8764636069977982,0.8806557919064404,0.8885914067633283
professional,0.8778202361278695,0.867056855626446,0.8472665851734202
combined,0.8764636069977982,0.8818602603429837,0.869764229177002
all,0.8764962883200862,0.8906694661366887,0.8858032568569377
notrade,0.8758926750241038,0.8846114540986476,0.8921327331547896
nogdp,0.8778202361278695,0.8775507453471001,0.8907348432679767
