,LR,RF,GBM
academic,0.7875011730700926,0.8365796264650651,0.8235386509621566
professional,0.7897977044774117,0.8351651107773499,0.8273104134483589
combined,0.7875011730700926,0.8372525243877472,0.8275713389799136
all,0.7769216545741364,0.8472303893827862,0.8344733280442167
notrade,0.7922283334991554,0.8419935577652762,0.8356793391558237
