,LR,RF,GBM
academic,0.8331426316827777,0.860228841980667,0.8475241665022688
professional,0.8340501085026633,0.8437167094101401,0.7986190570132178
combined,0.8331426316827777,0.8647662260800948,0.8192345630301835
all,0.8331820871966857,0.8707437364371672,0.8498914973367527
notrade,0.8338712813532957,0.8726229826949251,0.8544818199494458
nogdp,0.8340501085026633,0.8716512132570527,0.8489840205168673
