,LR,RF,GBM
academic,0.6885744362513343,0.8136157275957676,0.811901196291932
professional,0.6993145042518734,0.7948953113099424,0.7911812615812562
combined,0.6885744362513343,0.8085271220945436,0.8181756030673039
all,0.6885744362513343,0.7903109028381206,0.818157361146651
notrade,0.7074288422142453,0.8298683291449379,0.8317933594170039
nogdp,0.6993145042518734,0.815520833183032,0.8255051826831149
