,LR,RF,GBM
academic,0.7875011730700926,0.8379225967292273,0.823489564358518
professional,0.7897977044774117,0.8352474190299057,0.8276536986083416
combined,0.7875011730700926,0.843129413945937,0.8300743628023236
all,0.7769216545741364,0.839666507516708,0.8365096339311296
