,LR,RF,GBM
academic,0.7455674419401271,0.8423534158598559,0.8409910600826653
professional,0.7828051671847959,0.8214613477994298,0.816941190347598
combined,0.7455873424376396,0.8411315688327665,0.831033154198218
all,0.7465762814639357,0.8501804943622561,0.8515843087641102
