,LR,RF,GBM
academic,0.7455674419401271,0.850302213077192,0.8439963938994003
professional,0.7828051671847959,0.8199152561612394,0.8162100191403843
combined,0.7455873424376396,0.8410672084473463,0.8302073999323629
all,0.7465762814639357,0.8521082665871788,0.8516150465246706
