,LR,RF,GBM
academic,0.7392574050896955,0.8118481435127243,0.8060075093867335
professional,0.7334167709637047,0.7970379641218189,0.8035043804755945
combined,0.7392574050896955,0.8139340842720066,0.8189403420942846
all,0.7392574050896955,0.8231122236128493,0.8352106800166875
notrade,0.7446895424836601,0.8368055555555556,0.8435457516339869
nogdp,0.7334167709637047,0.8149770546516478,0.8310387984981227
