,LR,RF,GBM
academic,0.7392574050896955,0.8064246975385898,0.8064246975385899
professional,0.7334167709637047,0.8126825198164372,0.8018356278681685
combined,0.7392574050896955,0.8074676679182311,0.8226950354609929
all,0.7392574050896955,0.810805173133083,0.8514810179390905
notrade,0.7446895424836601,0.8286356209150327,0.8349673202614379
nogdp,0.7334167709637047,0.8270755110554859,0.8418856904463913
