,LR,RF,GBM
academic,0.8764636069977982,0.8901459279999959,0.8885350465351877
professional,0.8778202361278695,0.8698475497342182,0.8478177373939447
combined,0.8764636069977982,0.8969427556115965,0.8696226865925516
all,0.8764709805472013,0.8916998381205887,0.8871478569438995
notrade,0.8758671895339418,0.8957742526428405,0.8851071367249128
nogdp,0.8778202361278695,0.8999303646974235,0.8912051775197642
