,LR,RF,GBM
academic,0.7875011730700926,0.8363539889774964,0.8255016579860488
professional,0.7897977044774117,0.8371591072261313,0.8275783386150778
combined,0.7875011730700926,0.8391743941421282,0.8310049041842639
all,0.7769216545741364,0.8445560387462727,0.8358126687298323
