,LR,RF,GBM
academic,0.7392574050896955,0.820191906549854,0.8093450146015854
professional,0.7334167709637047,0.8012098456403838,0.8010012515644557
combined,0.7392574050896955,0.8216520650813518,0.8251981643721319
all,0.7392574050896955,0.8095536086775135,0.835627868168544
notrade,0.7446895424836601,0.8218954248366014,0.8431372549019608
nogdp,0.7334167709637047,0.8289528577388401,0.8314559866499791
