,LR,RF,GBM
academic,0.7837418905430084,0.8433945740891343,0.837004979275504
professional,0.7828051671847959,0.8256764489589387,0.8154936903530606
combined,0.7837593676793189,0.8372713041017197,0.8247146886317509
all,0.7789424583627077,0.848127185400004,0.846124767438288
