,LR,RF,GBM
academic,0.6885744362513343,0.8018022082293234,0.8140528336172321
professional,0.6993145042518734,0.793881114467938,0.7801577038267348
combined,0.6885744362513343,0.8088539873935878,0.8161088356782802
all,0.6885744362513343,0.800967199080284,0.8417622168835092
notrade,0.7074288422142453,0.8284708766584801,0.8285741768658085
nogdp,0.6993145042518734,0.8324689538712117,0.8365919409747411
