,LR,RF,GBM
academic,0.8764636069977982,0.8841075806881985,0.8886742219187649
professional,0.8778202361278695,0.8881589376841563,0.8479849181532925
combined,0.8764636069977982,0.886092542260893,0.8692928691059967
all,0.8764962883200862,0.8980485872432735,0.8854245253837872
notrade,0.8758926750241038,0.8794785368891168,0.8913521221812482
nogdp,0.8778202361278695,0.8850614189259408,0.8897937450463169
