,LR,RF,GBM
academic,0.8331426316827777,0.8673505622410733,0.8468534227658315
professional,0.8340501085026633,0.8400276188597358,0.8018149536397713
combined,0.8331426316827777,0.874097455119353,0.8190767409745513
all,0.8331820871966857,0.8657328861708425,0.8484908265930163
notrade,0.8338712813532957,0.8722729924168773,0.8487264242659927
nogdp,0.8340501085026633,0.8704280923259026,0.8509962517261789
