,LR,RF,GBM
academic,0.7875011730700926,0.8384563229206329,0.8254785006013853
professional,0.7897977044774117,0.8342074992970904,0.8282178171548802
combined,0.7875011730700926,0.8425704469808729,0.8305065494591575
all,0.7859300901095821,0.8400384557899354,0.8326510933179261
notrade,0.7901735632437262,0.8486668794571122,0.8297338137366982
