,LR,RF,GBM
nogdp,0.7828051671847959,0.8501506891792637,0.8414057687275079
