,LR,RF,GBM
academic,0.6885744362513343,0.8127693305697173,0.8101776680693562
professional,0.6993145042518734,0.7856422041024326,0.7914526928959038
combined,0.6885744362513343,0.8096057336705742,0.8173353578931848
all,0.6885744362513343,0.8334086317035463,0.818157361146651
notrade,0.7074288422142453,0.7989178856368698,0.8293537532499923
nogdp,0.6993145042518734,0.8282680634554184,0.8256828596314126
