,LR,RF,GBM
academic,0.8764636069977982,0.879550177546217,0.8889545341213267
professional,0.8778202361278695,0.8763238684490849,0.8473831335686024
combined,0.8764636069977982,0.8792682612730247,0.8682958528899465
all,0.8764709805472013,0.9028846327017426,0.8870002292005374
notrade,0.8758671895339418,0.8747358368931254,0.8848330948036708
nogdp,0.8778202361278695,0.8961190671487171,0.890647854387587
