,LR,RF,GBM
academic,0.7392574050896955,0.8124739257405089,0.8043387567793074
professional,0.7334167709637047,0.804755944931164,0.8035043804755945
combined,0.7392574050896955,0.8249895702962035,0.8231122236128494
all,0.7392574050896955,0.839173967459324,0.8352106800166875
notrade,0.7446895424836601,0.8343545751633987,0.8415032679738562
nogdp,0.7334167709637047,0.8237380058406341,0.8322903629536922
