,LR,RF,GBM
nogdp,0.7828051671847959,0.8464755717403817,0.8444133860946477
