,LR,RF,GBM
academic,0.7837418905430084,0.8456735336901257,0.8370396992339741
professional,0.7828051671847959,0.8273180497648079,0.8155399669874118
combined,0.7837593676793189,0.8438973224415817,0.8254313222830468
all,0.7789424583627077,0.8500642960917609,0.8479856616311463
