,LR,RF,GBM
academic,0.8778202361278695,0.8935010281938522,0.8959278591757839
professional,0.8778202361278695,0.8666738347897716,0.8554376338193806
combined,0.8778202361278695,0.8924324598667175,0.8777973024014518
all,0.8778202361278695,0.8949618806772744,0.893273009598784
notrade,0.8772157568517343,0.8950528452381121,0.9046295330030092
nogdp,0.8778202361278695,0.869396615134326,0.8997554934797112
