,LR,RF,GBM
academic,0.7844183500144201,0.8440914296820358,0.8328588806337027
professional,0.7828051671847959,0.8146923657762173,0.8154363094241203
combined,0.7844183500144201,0.842748196494807,0.8262391473564038
all,0.7733364493633729,0.8417764831257767,0.8437624973372135
notrade,0.7709071431620836,0.846191457966842,0.8462475231990635
