,LR,RF,GBM
academic,0.7844183500144201,0.8484421694717473,0.8325309190619029
professional,0.7828051671847959,0.8169200203586557,0.815516770398074
combined,0.7844183500144201,0.8455286200310878,0.8274331534112593
all,0.7681112848416651,0.8457655638721157,0.8450266394703608
notrade,0.7659434165488724,0.8500352497992855,0.8436432694465288
